year_num,state_cnty_fips_cd,state_fips,county_fips,naics2_sector_cd,source_census_firmpdemp,source_census_emp,source_census_payann_usd,source_census_rcppdemp_usd,rdm_abs_firms,rdm_abs_emp,rdm_abs_payroll_usd_amt,rdm_abs_rcpt_usd_amt,delta_firms,delta_emp,delta_payroll_usd,delta_receipts_usd,delta_firms_pct,delta_emp_pct,delta_payroll_pct,delta_receipts_pct,pass_firms,pass_emp,pass_payroll,pass_receipts,pass_all,notes,source_system,source_qcew_annual_avg_emplvl,source_qcew_total_annual_wages_usd,source_qcew_avg_weekly_wage_usd,rdm_qcew_emp,rdm_qcew_wages_usd,rdm_qcew_avg_weekly_wage_usd,delta_wages_usd,delta_avg_weekly_wage_usd,delta_wages_pct,delta_avg_weekly_wage_pct,pass_wages,pass_avg_weekly_wage
2022,17031,17,031,42,5324.0,146834.0,13416918000.0,289976680000.0,5324,146834,13416918000.0,289976680000.0,0.0,0.0,0.0,0.0,0.0,0.0,0.0,0.0,True,True,True,True,True,,abs,,,,,,,,,,,,
2022,17031,17,031,62,12123.0,381463.0,21125830000.0,53862077000.0,12123,381463,21125830000.0,53862077000.0,0.0,0.0,0.0,0.0,0.0,0.0,0.0,0.0,True,True,True,True,True,,abs,,,,,,,,,,,,
2023,17031,17,031,42,5770.0,111668.0,11386243000.0,221322909000.0,5770,111668,11386243000.0,221322909000.0,0.0,0.0,0.0,0.0,0.0,0.0,0.0,0.0,True,True,True,True,True,,abs,,,,,,,,,,,,
2023,17031,17,031,62,12376.0,360663.0,21856814000.0,56794748000.0,12376,360663,21856814000.0,56794748000.0,0.0,0.0,0.0,0.0,0.0,0.0,0.0,0.0,True,True,True,True,True,,abs,,,,,,,,,,,,
2022,17031,17,031,42,,,,,,,,,,0.0,,,,0.0,,,,True,,,True,,qcew,99166.0,10396241629.0,2016.0,99166,10396241629.0,2016.091438947,0.0,0.09143894699991506,0.0,4.5356620535672154e-05,True,True
2022,17031,17,031,62,,,,,,,,,,0.0,,,,0.0,,,,True,,,True,,qcew,360663.0,21831035029.0,1164.0,360663,21831035029.0,1164.043987633,0.0,0.04398763299991515,0.0,3.779006271470374e-05,True,True
2023,17031,17,031,42,,,,,,,,,,0.0,,,,0.0,,,,True,,,True,,qcew,99985.0,10877849648.0,2092.0,99985,10877849648.0,2092.207994276,0.0,0.20799427600013587,0.0,9.942365009566724e-05,True,True
2023,17031,17,031,62,,,,,,,,,,0.0,,,,0.0,,,,True,,,True,,qcew,373242.0,23190718415.0,1195.0,373242,23190718415.0,1194.869157637,0.0,-0.13084236300005614,0.0,-0.00010949151715485869,True,True
