year_num,state_cnty_fips_cd,state_fips,county_fips,naics2_sector_cd,source_census_firmpdemp,source_census_emp,source_census_payann_usd,source_census_rcppdemp_usd,rdm_abs_firms,rdm_abs_emp,rdm_abs_payroll_usd_amt,rdm_abs_rcpt_usd_amt,delta_firms,delta_emp,delta_payroll_usd,delta_receipts_usd,delta_firms_pct,delta_emp_pct,delta_payroll_pct,delta_receipts_pct,pass_firms,pass_emp,pass_payroll,pass_receipts,pass_all,notes,source_system,source_qcew_annual_avg_emplvl,source_qcew_total_annual_wages_usd,source_qcew_avg_weekly_wage_usd,rdm_qcew_emp,rdm_qcew_wages_usd,rdm_qcew_avg_weekly_wage_usd,delta_wages_usd,delta_avg_weekly_wage_usd,delta_wages_pct,delta_avg_weekly_wage_pct,pass_wages,pass_avg_weekly_wage
2022,48201,48,201,42,6153.0,148409.0,12949339000.0,728128343000.0,6153,148409,12949339000.0,728128343000.0,0.0,0.0,0.0,0.0,0.0,0.0,0.0,0.0,True,True,True,True,True,,abs,,,,,,,,,,,,
2022,48201,48,201,62,9671.0,249743.0,14477997000.0,43338430000.0,9671,249743,14477997000.0,43338430000.0,0.0,0.0,0.0,0.0,0.0,0.0,0.0,0.0,True,True,True,True,True,,abs,,,,,,,,,,,,
2023,48201,48,201,42,5911.0,127378.0,12722890000.0,761569922000.0,5911,127378,12722890000.0,761569922000.0,0.0,0.0,0.0,0.0,0.0,0.0,0.0,0.0,True,True,True,True,True,,abs,,,,,,,,,,,,
2023,48201,48,201,62,10032.0,280516.0,16360127000.0,42171612000.0,10032,280516,16360127000.0,42171612000.0,0.0,0.0,0.0,0.0,0.0,0.0,0.0,0.0,True,True,True,True,True,,abs,,,,,,,,,,,,
2022,48201,48,201,42,,,,,,,,,,0.0,,,,0.0,,,,True,,,True,,qcew,132411.0,13625645342.0,1979.0,132411,13625645342.0,1978.926533236,0.0,-0.07346676399993157,0.0,-3.712317534104678e-05,True,True
2022,48201,48,201,62,,,,,,,,,,0.0,,,,0.0,,,,True,,,True,,qcew,266255.0,17019783694.0,1229.0,266255,17019783694.0,1229.28595736,0.0,0.2859573600001113,0.0,0.00023267482506111577,True,True
2023,48201,48,201,42,,,,,,,,,,0.0,,,,0.0,,,,True,,,True,,qcew,136106.0,14681690415.0,2074.0,136106,14681690415.0,2074.414061749,0.0,0.4140617490002114,0.0,0.00019964404484098912,True,True
2023,48201,48,201,62,,,,,,,,,,0.0,,,,0.0,,,,True,,,True,,qcew,277754.0,18344805278.0,1270.0,277754,18344805278.0,1270.13370423,0.0,0.13370422999992115,0.0,0.00010527892125978043,True,True
